Location,MonthlyMeanTemperature,MonthlyMaximumTemperature,MonthlyMinimumTemperature,MonthlySeaLevelPressure,MonthlyStationPressure
72417713734,0.9995962534236097,0.9989924607953033,0.999993884944967,0.9944996025589882,0.9965373538205482
