Location,MonthlyMeanTemperature,MonthlyMaximumTemperature,MonthlyMinimumTemperature,MonthlySeaLevelPressure,MonthlyStationPressure
72592024257,0.9996592083867492,0.9999978118706245,0.999993640253007,0.9986342344385207,0.9976136663996765
